{
    "all P equal ?": false,
    "P equality tests": [
        [
            0,
            1,
            true
        ],
        [
            0,
            2,
            false
        ],
        [
            1,
            2,
            false
        ]
    ],
    "all R equal ?": false,
    "R equality tests": [
        [
            0,
            1,
            false
        ],
        [
            0,
            2,
            false
        ],
        [
            1,
            2,
            false
        ]
    ],
    "results & tests": [
        {
            "filename": "sweeps/MCL_-12/bands_MCL_01.out",
            "variant QE": "MCL",
            "lattice parameters QE": {
                "a": 3.141593,
                "b": 4.0840709,
                "c": 5.3407081,
                "beta": 22.4999
            },
            "cell parameters QE": [
                3.1416,
                4.0841,
                5.3407,
                90.0,
                22.5,
                90.0
            ],
            "variant ASE": "MCL",
            "lattice parameters ASE": {
                "a": 4.0840709,
                "b": 3.141593,
                "c": 5.3407081,
                "alpha": 22.4999
            },
            "cell parameters ASE": [
                4.0841,
                3.1416,
                5.3407,
                22.4999,
                90.0,
                90.0
            ],
            "case": "5: F[ASE]!=Z.F[QE], P!=I, R!=I",
            "symmetries": 4,
            "P": [
                [
                    0.0,
                    0.25,
                    0.75
                ],
                [
                    1.0,
                    0.375,
                    0.625
                ],
                [
                    0.0,
                    0.875,
                    0.125
                ]
            ],
            "R": [
                [
                    1.07603,
                    1.0,
                    -3.68734
                ],
                [
                    -0.2,
                    0.0,
                    2.39794
                ],
                [
                    0.70061,
                    0.0,
                    -0.4
                ]
            ],
            "rotation vector": [
                -0.4663,
                -0.8533,
                -0.2334
            ],
            "rotation angle": 99.32231740276852,
            "tests": {
                "variant identified ?": true,
                "R orthogonal ?": false,
                "direct basis: A2 = R.A1.P ?": true,
                "reciprocal basis: B2 = Q.B1.S ?": true,
                "k-point fractional coords: F2 = F1.P ?": false,
                "k-point Cartesian coords: K2 = K1.S ?": true
            },
            "equivalent k-points": {
                "A": [
                    [
                        0.5,
                        0.5,
                        0.5
                    ],
                    [
                        -0.5,
                        0.5,
                        -0.5
                    ],
                    [
                        -0.5,
                        -0.5,
                        -0.5
                    ],
                    [
                        0.5,
                        -0.5,
                        0.5
                    ]
                ],
                "D": [
                    [
                        0.0,
                        0.5,
                        0.5
                    ],
                    [
                        0.0,
                        0.5,
                        -0.5
                    ],
                    [
                        0.0,
                        -0.5,
                        -0.5
                    ],
                    [
                        0.0,
                        -0.5,
                        0.5
                    ]
                ],
                "X": [
                    [
                        0.5,
                        0.0,
                        0.5
                    ],
                    [
                        -0.5,
                        0.0,
                        -0.5
                    ],
                    [
                        -0.5,
                        0.0,
                        -0.5
                    ],
                    [
                        0.5,
                        0.0,
                        0.5
                    ]
                ],
                "Y": [
                    [
                        0.0,
                        0.5,
                        0.0
                    ],
                    [
                        0.0,
                        0.5,
                        0.0
                    ],
                    [
                        0.0,
                        -0.5,
                        0.0
                    ],
                    [
                        0.0,
                        -0.5,
                        0.0
                    ]
                ],
                "Z": [
                    [
                        0.0,
                        0.0,
                        0.5
                    ],
                    [
                        0.0,
                        0.0,
                        -0.5
                    ],
                    [
                        0.0,
                        0.0,
                        -0.5
                    ],
                    [
                        0.0,
                        0.0,
                        0.5
                    ]
                ]
            }
        },
        {
            "filename": "sweeps/MCL_-12/bands_MCL_02.out",
            "variant QE": "MCL",
            "lattice parameters QE": {
                "a": 6.283185,
                "b": 8.1681405,
                "c": 10.681414499999999,
                "beta": 45.0
            },
            "cell parameters QE": [
                6.2832,
                8.1681,
                10.6814,
                90.0,
                45.0,
                90.0
            ],
            "variant ASE": "MCL",
            "lattice parameters ASE": {
                "a": 8.1681405,
                "b": 6.283185,
                "c": 10.681414499999999,
                "alpha": 45.0
            },
            "cell parameters ASE": [
                8.1681,
                6.2832,
                10.6814,
                45.0,
                90.0,
                90.0
            ],
            "case": "5: F[ASE]!=Z.F[QE], P!=I, R!=I",
            "symmetries": 4,
            "P": [
                [
                    0.0,
                    0.25,
                    0.75
                ],
                [
                    1.0,
                    0.375,
                    0.625
                ],
                [
                    0.0,
                    0.875,
                    0.125
                ]
            ],
            "R": [
                [
                    0.67917,
                    1.0,
                    -1.56638
                ],
                [
                    -0.2,
                    0.0,
                    1.29775
                ],
                [
                    1.29455,
                    0.0,
                    -0.4
                ]
            ],
            "rotation vector": [
                -0.3859,
                -0.8507,
                -0.3568
            ],
            "rotation angle": 111.12583607260682,
            "tests": {
                "variant identified ?": true,
                "R orthogonal ?": false,
                "direct basis: A2 = R.A1.P ?": true,
                "reciprocal basis: B2 = Q.B1.S ?": true,
                "k-point fractional coords: F2 = F1.P ?": false,
                "k-point Cartesian coords: K2 = K1.S ?": true
            },