{
    "all P equal ?": false,
    "P equality tests": [
        [
            0,
            1,
            false
        ],
        [
            0,
            2,
            false
        ],
        [
            1,
            2,
            true
        ]
    ],
    "all R equal ?": false,
    "R equality tests": [
        [
            0,
            1,
            false
        ],
        [
            0,
            2,
            false
        ],
        [
            1,
            2,
            false
        ]
    ],
    "results & tests": [
        {
            "filename": "sweeps/MCL_12/bands_MCL_01.out",
            "variant QE": "MCL",
            "lattice parameters QE": {
                "a": 3.141593,
                "b": 4.0840709,
                "c": 5.3407081,
                "gamma": 22.4999
            },
            "cell parameters QE": [
                3.1416,
                4.0841,
                5.3407,
                90.0,
                90.0,
                22.5
            ],
            "variant ASE": "MCL",
            "lattice parameters ASE": {
                "a": 3.141593,
                "b": 4.0840709,
                "c": 5.3407081,
                "alpha": 22.4999
            },
            "cell parameters ASE": [
                3.1416,
                4.0841,
                5.3407,
                22.4999,
                90.0,
                90.0
            ],
            "case": "5: F[ASE]!=Z.F[QE], P!=I, R!=I",
            "symmetries": 4,
            "P": [
                [
                    0.0,
                    0.0,
                    1.0
                ],
                [
                    1.0,
                    1.0,
                    0.0
                ],
                [
                    0.0,
                    1.0,
                    0.0
                ]
            ],
            "R": [
                [
                    -0.0,
                    0.76923,
                    -1.54807
                ],
                [
                    -0.0,
                    0.0,
                    0.76471
                ],
                [
                    1.7,
                    0.0,
                    0.0
                ]
            ],
            "rotation vector": [
                -0.2233,
                -0.9485,
                -0.2246
            ],
            "rotation angle": 120.00000000000001,
            "tests": {
                "variant identified ?": true,
                "R orthogonal ?": false,
                "direct basis: A2 = R.A1.P ?": true,
                "reciprocal basis: B2 = Q.B1.S ?": true,
                "k-point fractional coords: F2 = F1.P ?": true,
                "k-point Cartesian coords: K2 = K1.S ?": true
            },
            "equivalent k-points": {
                "A": [
                    [
                        0.5,
                        0.5,
                        0.5
                    ],
                    [
                        -0.5,
                        -0.5,
                        0.5
                    ],
                    [
                        -0.5,
                        -0.5,
                        -0.5
                    ],
                    [
                        0.5,
                        0.5,
                        -0.5
                    ]
                ],
                "D": [
                    [
                        0.0,
                        0.5,
                        0.5
                    ],
                    [
                        0.0,
                        -0.5,
                        0.5
                    ],
                    [
                        0.0,
                        -0.5,
                        -0.5
                    ],
                    [
                        0.0,
                        0.5,
                        -0.5
                    ]
                ],
                "X": [
                    [
                        0.5,
                        0.5,
                        0.0
                    ],
                    [
                        -0.5,
                        -0.5,
                        0.0
                    ],
                    [
                        -0.5,
                        -0.5,
                        0.0
                    ],
                    [
                        0.5,
                        0.5,
                        0.0
                    ]
                ],
                "Y": [
                    [
                        0.0,
                        0.5,
                        0.0
                    ],
                    [
                        0.0,
                        -0.5,
                        0.0
                    ],
                    [
                        0.0,
                        -0.5,
                        0.0
                    ],
                    [
                        0.0,
                        0.5,
                        0.0
                    ]
                ],
                "Z": [
                    [
                        0.0,
                        0.0,
                        0.5
                    ],
                    [
                        0.0,
                        0.0,
                        0.5
                    ],
                    [
                        0.0,
                        0.0,
                        -0.5
                    ],
                    [
                        0.0,
                        0.0,
                        -0.5
                    ]
                ]
            }
        },
        {
            "filename": "sweeps/MCL_12/bands_MCL_02.out",
            "variant QE": "MCL",
            "lattice parameters QE": {
                "a": 6.283185,
                "b": 8.1681405,
                "c": 10.681414499999999,
                "gamma": 45.0
            },
            "cell parameters QE": [
                6.2832,
                8.1681,
                10.6814,
                90.0,
                90.0,
                45.0
            ],
            "variant ASE": "MCL",
            "lattice parameters ASE": {
                "a": 6.283185,
                "b": 8.1681405,
                "c": 10.681414499999999,
                "alpha": 45.0
            },
            "cell parameters ASE": [
                6.2832,
                8.1681,
                10.6814,
                45.0,
                90.0,
                90.0
            ],
            "case": "5: F[ASE]!=Z.F[QE], P!=I, R!=I",
            "symmetries": 4,
            "P": [
                [
                    0.0,
                    0.0,
                    1.0
                ],
                [
                    1.0,
                    0.0,
                    0.0
                ],
                [
                    0.0,
                    1.0,
                    0.0
                ]
            ],
            "R": [
                [
                    -0.0,
                    0.76923,
                    -0.00452
                ],
                [
                    -0.0,
                    0.0,
                    0.76471
                ],
                [
                    1.7,
                    0.0,
                    0.0
                ]
            ],
            "rotation vector": [
                -0.3785,
                -0.8437,
                -0.3807
            ],
            "rotation angle": 120.00000000000001,
            "tests": {
                "variant identified ?": true,
                "R orthogonal ?": false,
                "direct basis: A2 = R.A1.P ?": true,
                "reciprocal basis: B2 = Q.B1.S ?": true,
                "k-point fractional coords: F2 = F1.P ?": true,
                "k-point Cartesian coords: K2 = K1.S ?": true
            },